{
    "accuracy": 0.7595416307449341,
    "loss": 1.0000004768371582
}