{
    "accuracy": 0.7550832033157349,
    "loss": 1.0411914587020874
}