{
    "accuracy": 0.7558225393295288,
    "loss": 1.0227700471878052
}